id,name,product,price,date
1,Selinda Rheaume,Wine - Prosecco Valdobiaddene,10.31,10/20/2022
2,Wynnie Gozzard,"Wine - Red, Wolf Blass, Yellow",20.05,10/20/2022
3,Patten Whitter,Crackers - Soda / Saltins,39.75,10/20/2022
4,Hulda Eslie,Roe - White Fish,37.10,10/20/2022
5,Chrystal Haggie,Wine - Delicato Merlot,35.82,10/20/2022
6,Rorie Dellenbrok,Instant Coffee,80.67,10/20/2022
7,Vidovic Perryn,"Capon - Breast, Double, Wing On",47.68,10/20/2022
8,Uriel Ruf,Capers - Ox Eye Daisy,14.84,10/20/2022
9,Hazel Flippen,Beer - Upper Canada Lager,96.90,10/20/2022
10,Ailbert Abramamov,"Chestnuts - Whole,canned",75.92,10/20/2022
11,Ingram Spivie,"Crab - Claws, 26 - 30",15.78,10/20/2022
12,Purcell McMichael,Parasol Pick Stir Stick,65.65,10/20/2022
13,Cecelia Chennells,Buffalo - Tenderloin,35.44,10/20/2022
14,Modesty Looby,Nestea - Iced Tea,18.17,10/20/2022
15,Godfrey Karby,Pork - Backfat,43.66,10/20/2022
16,Katie Muffitt,Beef - Ground Lean Fresh,22.89,10/20/2022
17,Hope Hairon,Cream - 10%,41.12,10/20/2022
18,Ivory Wilman,"Tomatoes - Plum, Canned",78.69,10/20/2022
19,Cristina Doleman,Goldschalger,80.74,10/20/2022
20,Janka Truesdale,Boogies,42.36,10/20/2022
21,Clari Size,"Pork - Loin, Bone - In",35.92,10/20/2022
22,Nero Storr,Gelatine Leaves - Envelopes,83.33,10/20/2022
23,Melany Baskerville,Appetiser - Bought,53.95,10/20/2022
24,Edmon Martins,Cookie Double Choco,44.88,10/20/2022
25,Agretha Virgoe,Table Cloth 120 Round White,43.51,10/20/2022
26,Clevie McCosh,Beef Ground Medium,41.25,10/20/2022
27,Mariellen Hollibone,Juice - Cranberry 284ml,11.91,10/20/2022
28,Mercie Lake,Cherries - Fresh,69.06,10/20/2022
29,Shannon Uman,"Pork - Back, Long Cut, Boneless",96.14,10/20/2022
30,Arlin Ferencz,Garlic - Peeled,64.37,10/20/2022
31,Daryl Poe,Bagel - 12 Grain Preslice,34.31,10/20/2022
32,Odella Crohan,Bagels Poppyseed,13.61,10/20/2022
33,Sharl Ells,"Club Soda - Schweppes, 355 Ml",39.84,10/20/2022
34,Mead Mully,Wasabi Powder,84.85,10/20/2022
35,Rudyard Lorryman,"Bread - Roll, Soft White Round",68.56,10/20/2022
36,Dominique Maulden,Bar Special K,70.15,10/20/2022
37,Niels Blazejewski,Wine - Trimbach Pinot Blanc,14.64,10/20/2022
38,Flint Atwel,Garbage Bag - Clear,78.70,10/20/2022
39,Robinson Petters,"Pork - Loin, Bone - In",33.06,10/20/2022
40,Brennen Fern,Bacardi Raspberry,82.45,10/20/2022
41,Isidore Tolotti,"Lamb - Loin, Trimmed, Boneless",35.75,10/20/2022
42,Beverie Speechley,Chocolate - Sugar Free Semi Choc,88.15,10/20/2022
43,Marylinda Neeson,Muffin Mix - Raisin Bran,14.34,10/20/2022
44,Marylynne Bottlestone,Lid Tray - 12in Dome,43.09,10/20/2022
45,Karylin Eayres,"Juice - V8, Tomato",93.99,10/20/2022
46,Nataniel Antrim,Truffle Cups - Red,17.06,10/20/2022
47,Hall Grigoryev,Country Roll,60.41,10/20/2022
48,Barry Pheazey,Veal - Bones,26.07,10/20/2022
49,Harlan Blackster,Pomegranates,29.89,10/20/2022
50,Franky Cuseck,Otomegusa Dashi Konbu,88.31,10/20/2022
51,Babs Andriulis,Vinegar - Tarragon,44.27,10/20/2022
52,Maurizio Parley,"Wine - Red, Black Opal Shiraz",63.58,10/20/2022
53,Cobb Meachan,Pepper - Red Thai,51.22,10/20/2022
54,Delila Vonderdell,Ecolab - Hand Soap Form Antibac,71.94,10/20/2022
55,Dione Nowell,Rum - Mount Gay Eclipes,30.34,10/20/2022
56,Wake Sines,"Pasta - Gnocchi, Potato",64.68,10/20/2022
57,Pierre Lannon,Cheese - Mozzarella,52.75,10/20/2022
58,Rudiger Patton,Pickles - Gherkins,46.82,10/20/2022
59,Scottie Theyer,Potatoes - Mini White 3 Oz,11.56,10/20/2022
60,Lorri Debold,Juice - Ocean Spray Cranberry,22.01,10/20/2022
61,Angela Meysham,Pepperoni Slices,86.45,10/20/2022
62,Fiorenze Deacock,Soup V8 Roasted Red Pepper,12.70,10/20/2022
63,Deina Nixon,Appetizer - Mushroom Tart,92.51,10/20/2022
64,Keelby Biles,Muffin Mix - Carrot,97.74,10/20/2022
65,Shanda Yourell,Wine - Wyndham Estate Bin 777,78.15,10/20/2022
66,Cary Joslin,Spice - Onion Powder Granulated,94.58,10/20/2022
67,Melisenda Schukraft,Rosemary - Fresh,28.65,10/20/2022
68,Jolee Kirkebye,Cafe Royale,87.24,10/20/2022
69,Gertruda Ellgood,Syrup - Chocolate,61.06,10/20/2022
70,Cally Southcoat,Foil Cont Round,22.04,10/20/2022
71,Leandra Byers,Spinach - Spinach Leaf,13.35,10/20/2022
72,Iona Humbatch,Pasta - Ravioli,92.69,10/20/2022
73,Way Askey,Beef - Kobe Striploin,59.82,10/20/2022
74,Kaleena D'Avaux,Flour - Chickpea,18.69,10/20/2022
75,Rosanna Crow,"Crush - Grape, 355 Ml",16.52,10/20/2022
76,Claudianus Renehan,Potatoes - Idaho 80 Count,15.92,10/20/2022
77,Lyn Stodhart,Sour Puss - Tangerine,33.59,10/20/2022
78,Blondelle Wildor,Clams - Bay,49.28,10/20/2022
79,Ashley Capron,Chocolate - Dark,26.64,10/20/2022
80,Lauralee D'Antuoni,Sea Bass - Whole,37.54,10/20/2022
81,Bobbi Shallo,Soup Bowl Clear 8oz92008,67.23,10/20/2022
82,Melba Donner,Mushroom - White Button,66.48,10/20/2022
83,Van Bouzan,"Juice - Clam, 46 Oz",78.11,10/20/2022
84,Amble Collelton,Eggs - Extra Large,58.72,10/20/2022
85,Kore Diggell,Sausage - Chorizo,96.61,10/20/2022
86,Dedra Eaglesham,Dried Peach,89.91,10/20/2022
87,Mora Brisse,"Rum - Dark, Bacardi, Black",79.70,10/20/2022
88,Dean Ksandra,"Lamb - Whole, Frozen",13.16,10/20/2022
89,Vladimir Ianilli,Wine - Cava Aria Estate Brut,82.08,10/20/2022
90,Brande Tune,Mousse - Passion Fruit,55.54,10/20/2022
91,Niels Keyser,Pasta - Agnolotti - Butternut,55.96,10/20/2022
92,Enrique Filipyev,"Schnappes - Peach, Walkers",70.90,10/20/2022
93,Reinold Edmons,Jolt Cola - Electric Blue,68.53,10/20/2022
94,Leontine Frayn,Bread Base - Goodhearth,74.75,10/20/2022
95,Vasili Hooban,"Soup - Knorr, Veg / Beef",67.25,10/20/2022
96,Lark McKeag,Versatainer Nc - 8288,52.03,10/20/2022
97,Benoite Bozworth,"Soup - Knorr, Classic Can. Chili",11.44,10/20/2022
98,Eve Yanson,Capers - Ox Eye Daisy,46.02,10/20/2022
99,Mario Cicconettii,"Pepper - Paprika, Hungarian",32.60,10/20/2022
100,Price Camell,Banana,39.38,10/20/2022
101,Norina Maryet,"Rum - White, Gg White",47.99,10/20/2022
102,Jennilee Stonhouse,Cookies - Assorted,56.97,10/20/2022
103,Corrie Roobottom,Chinese Foods - Chicken Wing,56.37,10/20/2022
104,Jacinthe Wilkison,"Pasta - Cannelloni, Sheets, Fresh",93.75,10/20/2022
105,Zebulon Hansod,Pastry - Baked Cinnamon Stick,28.22,10/20/2022
106,Angeline Barlthrop,Shallots,89.84,10/20/2022
107,Ailee Siddon,Peppercorns - Green,81.72,10/20/2022
108,Creigh Hellcat,Devonshire Cream,50.36,10/20/2022
109,Oran Blazic,Ginger - Pickled,65.07,10/20/2022
110,Danna Sackur,Sardines,48.00,10/20/2022
111,Vickie Kitcatt,Teriyaki Sauce,61.78,10/20/2022
112,Grete Ready,Huck Towels White,10.07,10/20/2022
113,Ema Hexham,Tahini Paste,77.92,10/20/2022
114,Ami Thormann,"Chilli Paste, Ginger Garlic",20.28,10/20/2022
115,Aimil Milborn,Chips Potato Reg 43g,52.84,10/20/2022
116,Reider Blanpein,Smirnoff Green Apple Twist,21.07,10/20/2022
117,Rea Manueau,Filter - Coffee,90.88,10/20/2022
118,Richie Kneller,Haggis,71.33,10/20/2022
119,Corney Jurgen,Bowl 12 Oz - Showcase 92012,79.13,10/20/2022
120,Antonia Shyre,Coffee - Dark Roast,61.56,10/20/2022
121,Giff Galea,Bread - Mini Hamburger Bun,41.57,10/20/2022
122,Niven Shaxby,Tea - Earl Grey,57.89,10/20/2022
123,Marnie Weymont,"Wine - White, Lindemans Bin 95",34.76,10/20/2022
124,Batholomew Halhead,Transfer Sheets,21.60,10/20/2022
125,Nat Kira,Sausage - Andouille,40.54,10/20/2022
126,Darlleen McAuslan,Cheese - La Sauvagine,15.59,10/20/2022
127,Isidro Hall-Gough,Pie Box - Cello Window 2.5,40.86,10/20/2022
128,Carlina Batkin,Appetizer - Tarragon Chicken,15.60,10/20/2022
129,Trescha Littlefield,Liquid Aminios Acid - Braggs,70.55,10/20/2022
130,Marlow Craine,Pepper - Green Thai,43.24,10/20/2022
131,Gib Dunphie,"Tart Shells - Savory, 3",72.72,10/20/2022
132,Goraud Kneafsey,Pears - Fiorelle,31.32,10/20/2022
133,Falkner Pinchback,Beer - Mill St Organic,32.13,10/20/2022
134,Caye Bilham,Sauce - Roasted Red Pepper,91.69,10/20/2022
135,Rand Stove,Lettuce - Escarole,53.12,10/20/2022
136,Jerrylee Medd,Ecolab - Medallion,58.32,10/20/2022
137,Ruthanne McGivena,Corn - On The Cob,72.71,10/20/2022
138,Elonore Bartzen,Coffee - Decaffeinato Coffee,29.06,10/20/2022
139,Sandy Wellan,Tea - Lemon Scented,60.34,10/20/2022
140,Rheta Bermingham,"Pepper - White, Whole",54.48,10/20/2022
141,Zach Bloy,Soup Knorr Chili With Beans,81.27,10/20/2022
142,Bond Pegrum,"Juice - Orange, Concentrate",12.67,10/20/2022
143,Olav Wannop,Duck - Legs,49.94,10/20/2022
144,Flint Kuscha,Pork - Kidney,80.69,10/20/2022
145,Meghan Dragoe,Juice - Happy Planet,20.55,10/20/2022
146,Creigh Bacher,Juice Peach Nectar,34.72,10/20/2022
147,Ronald Wenden,"Chilli Paste, Hot Sambal Oelek",27.24,10/20/2022
148,Kip Gravy,Figs,52.45,10/20/2022
149,Ollie Peete,Beer - Mill St Organic,15.70,10/20/2022
150,Sibylle Friar,Wine - Magnotta - Pinot Gris Sr,55.33,10/20/2022
151,Lesli Hollebon,Food Colouring - Orange,38.27,10/20/2022
152,Eva Rowlatt,"Wine - Red, Black Opal Shiraz",75.75,10/20/2022
153,Mahala Summerson,Sea Bass - Fillets,50.15,10/20/2022
154,Nerita Dark,Wine - Penfolds Koonuga Hill,49.65,10/20/2022
155,Charlena Pilmore,Tamarind Paste,27.61,10/20/2022
156,Daisi Bowers,Icecream Bar - Del Monte,44.63,10/20/2022
157,Billy Greatrakes,"Wine - White, Antinore Orvieto",69.49,10/20/2022
158,Charlena Pretorius,"Pasta - Fettuccine, Egg, Fresh",16.17,10/20/2022
159,Lilyan Fuller,Amaretto,80.51,10/20/2022
160,Ruby Kubyszek,"Veal - Brisket, Provimi,bnls",21.41,10/20/2022
161,Davis Casburn,"Pepsi, 355 Ml",20.49,10/20/2022
162,Laureen Dalziel,Squash - Pepper,14.57,10/20/2022
163,Vera Birtchnell,"Mushroom - Morels, Dry",94.65,10/20/2022
164,Delila Casetta,"Doilies - 10, Paper",62.37,10/20/2022
165,Christyna Hassent,Marjoram - Fresh,50.58,10/20/2022
166,Sheena Yesipov,Appetizer - Seafood Assortment,68.98,10/20/2022
167,Doretta Hitschke,Cheese Cloth No 100,15.15,10/20/2022
168,Chrystal Crowter,"Bread - Dark Rye, Loaf",43.51,10/20/2022
169,Bridget Frankton,Lentils - Green Le Puy,98.55,10/20/2022
170,Bathsheba Gorwood,Sausage - Chorizo,58.49,10/20/2022
171,Katherina Giovanardi,Cheese - Wine,92.18,10/20/2022
172,Kristoffer Wonfar,"Tart Shells - Savory, 4",38.83,10/20/2022
173,Jaquenette Flaunier,Sugar - Icing,87.79,10/20/2022
174,Sidney Shipston,Sour Cream,97.93,10/20/2022
175,Stacee Danigel,Mace,44.75,10/20/2022
176,Olly Sayle,V8 - Vegetable Cocktail,61.41,10/20/2022
177,Russ Mapples,Wine - German Riesling,26.47,10/20/2022
178,Merla Saggs,Cookie - Oatmeal,92.12,10/20/2022
179,Verla Wimes,Towels - Paper / Kraft,95.08,10/20/2022
180,Korney Saban,Coffee - Espresso,93.40,10/20/2022
181,Tonya Huxstep,Napkin White,94.84,10/20/2022
182,Pris Katt,Sauce - Sesame Thai Dressing,52.97,10/20/2022
183,Ikey Nottram,Soup Knorr Chili With Beans,64.65,10/20/2022
184,Arabel Clyma,Miso - Soy Bean Paste,74.00,10/20/2022
185,Celia Eamer,"Capon - Breast, Wing On",96.48,10/20/2022
186,Yale O'Loghlen,Pie Shell - 9,89.57,10/20/2022
187,Ola Priest,Truffle Shells - White Chocolate,98.19,10/20/2022
188,Talia Joynson,"Noodles - Cellophane, Thin",89.16,10/20/2022
189,Nanny Clissell,Cake - Night And Day Choclate,15.72,10/20/2022
190,Eleonore Mainds,Petit Baguette,24.32,10/20/2022
191,Kathrine Alben,English Muffin,17.10,10/20/2022
192,Tabor Selvey,Wine - Chianti Classica Docg,72.97,10/20/2022
193,Giralda Donisi,"Yeast - Fresh, Fleischman",86.35,10/20/2022
194,Trever Norway,"Turkey - Breast, Smoked",59.17,10/20/2022
195,Orsa Wybron,Cake - Lemon Chiffon,22.82,10/20/2022
196,Wash Hullock,Veal - Heart,27.46,10/20/2022
197,Chaddy Garber,"Pasta - Lasagna Noodle, Frozen",39.48,10/20/2022
198,Fleurette Seviour,Oven Mitts - 15 Inch,68.80,10/20/2022
199,Jocelyn Brunn,Lamb Tenderloin Nz Fr,66.33,10/20/2022
200,Faith Agates,"Wine - Red, Mouton Cadet",71.66,10/20/2022
201,Reynold Espinoza,Bread - Mini Hamburger Bun,83.86,10/20/2022
202,Joseph Brahmer,Tea - Black Currant,20.68,10/20/2022
203,Garrot Hammill,"Crab - Dungeness, Whole",16.85,10/20/2022
204,Wyn Grizard,Peas - Frozen,23.45,10/20/2022
205,Jonathon Beddow,"Beans - Fava, Canned",91.92,10/20/2022
206,Brandyn Mullenger,Wasabi Paste,16.75,10/20/2022
207,Leontyne Wellsman,Puree - Pear,33.42,10/20/2022
208,Nicola Whatford,Wakami Seaweed,19.60,10/20/2022
209,Gavra Lucken,"Bread - Multigrain, Loaf",59.17,10/20/2022
210,Grant Le-Good,Appetizer - Seafood Assortment,35.12,10/20/2022
211,Lianna Gabbotts,Worcestershire Sauce,62.79,10/20/2022
212,Doralyn Barneville,Beef - Montreal Smoked Brisket,70.04,10/20/2022
213,Maighdiln Edmundson,Wine - Ice Wine,35.21,10/20/2022
214,Tiffanie Burrell,Sobe - Liz Blizz,93.08,10/20/2022
215,Sammy Scandrite,Pork Ham Prager,93.32,10/20/2022
216,Marlane Betho,Myers Planters Punch,83.45,10/20/2022
217,Isidor Buy,Pork - Ham Hocks - Smoked,23.66,10/20/2022
218,Darin Evelyn,Wonton Wrappers,22.77,10/20/2022
219,Amberly Raddan,Soup - Base Broth Chix,72.70,10/20/2022
220,Verne Seabon,Cheese - Shred Cheddar / Mozza,66.75,10/20/2022
221,Kelley Cockrell,Beans - Butter Lrg Lima,47.09,10/20/2022
222,Dulce Frazier,Oven Mitts 17 Inch,95.92,10/20/2022
223,Charin Yankin,"Vodka - Lemon, Absolut",78.42,10/20/2022
224,Herschel Gianolini,Madeira,39.03,10/20/2022
225,Haley Griffe,Salmon - Sockeye Raw,51.72,10/20/2022
226,Lurette Owbridge,Coffee Cup 16oz Foam,13.01,10/20/2022
227,Levin Izkovicz,Bread Crumbs - Panko,76.25,10/20/2022
228,Rae Checklin,Juice Peach Nectar,59.77,10/20/2022
229,Lisha Lemasney,Rambutan,26.33,10/20/2022
230,Dennie Moynham,Tia Maria,30.84,10/20/2022
231,Maryanne Bygate,"Noodles - Cellophane, Thin",90.90,10/20/2022
232,Emmalee Quin,Honey - Lavender,22.54,10/20/2022
233,Maryann Dominguez,"Nut - Hazelnut, Whole",63.47,10/20/2022
234,Violet Matcham,Beef - Tenderloin,29.23,10/20/2022
235,Dedie Tingle,Soho Lychee Liqueur,59.59,10/20/2022
236,Antoinette Baterip,Cheese - Oka,39.13,10/20/2022
237,Vilhelmina Gracey,"Trout - Rainbow, Fresh",28.95,10/20/2022
238,Antonio Gilardengo,Tea - Herbal - 6 Asst,92.94,10/20/2022
239,Olia Dunphy,Coconut Milk - Unsweetened,33.48,10/20/2022
240,Jared Djurdjevic,Lettuce Romaine Chopped,35.79,10/20/2022
241,Cherey Praten,"Beef - Ox Tail, Frozen",49.08,10/20/2022
242,Rani Mayman,"Chicken - Leg, Fresh",47.38,10/20/2022
243,Galvan Forrington,"Soup - Knorr, French Onion",75.42,10/20/2022
244,Ravi Toynbee,Bread - Assorted Rolls,22.39,10/20/2022
245,Nadia Frangello,Potatoes - Parissienne,62.30,10/20/2022
246,Abbot Hilary,Gelatine Leaves - Envelopes,81.36,10/20/2022
247,Edwin Spiring,Chinese Foods - Plain Fried Rice,73.97,10/20/2022
248,Jackqueline Poole,Compound - Raspberry,66.13,10/20/2022
249,Rubia Messingham,Onions - Cippolini,10.07,10/20/2022
250,Jeramie Pechan,Goulash Seasoning,15.52,10/20/2022
251,Eward Joyes,Basil - Fresh,88.00,10/20/2022
252,Averyl Rydeard,Lettuce - Boston Bib - Organic,80.81,10/20/2022
253,Ethelred Perren,Lamb Tenderloin Nz Fr,52.66,10/20/2022
254,Gardner Zuan,Bar - Granola Trail Mix Fruit Nut,25.38,10/20/2022
255,Krysta Basnett,Flounder - Fresh,87.17,10/20/2022
256,Jae Kervin,Carbonated Water - Cherry,36.77,10/20/2022
257,Raimondo Habbeshaw,Beef - Tender Tips,95.99,10/20/2022
258,Jabez Enochsson,Tomato Paste,93.73,10/20/2022
259,Luciano Rockingham,Wine - Saint Emilion Calvet,78.05,10/20/2022
260,Drake Klishin,Arctic Char - Fillets,66.26,10/20/2022
261,Hasheem McConigal,Sauce - Marinara,71.71,10/20/2022
262,Ava McGuff,Wine - Fontanafredda Barolo,74.96,10/20/2022
263,Jayme Garbert,Muffin Mix - Chocolate Chip,43.65,10/20/2022
264,Bambi Baudacci,Sping Loaded Cup Dispenser,85.12,10/20/2022
265,Kylynn MacCumeskey,"Sugar - Brown, Individual",81.36,10/20/2022
266,Milli Flannigan,Chicken - Base,38.65,10/20/2022
267,Michaeline Corkitt,Tomatillo,23.31,10/20/2022
268,Elias Rosencrantz,Lettuce - Baby Salad Greens,43.91,10/20/2022
269,Crosby Cottel,Shrimp - 100 / 200 Cold Water,50.02,10/20/2022
270,Boycey Proudlock,Veal - Kidney,95.34,10/20/2022
271,Chrystal Shires,Energy - Boo - Koo,22.25,10/20/2022
272,Cullan Dewen,Muskox - French Rack,90.49,10/20/2022
273,Dana Bartoszek,Bread Crumbs - Panko,12.01,10/20/2022
274,Garnet Brownstein,Bread - Corn Muffaletta,84.14,10/20/2022
275,Kimberly Battill,Dip - Tapenade,79.42,10/20/2022
276,Stefano Woodham,Tequila Rose Cream Liquor,59.48,10/20/2022
277,Josh Bonnefin,Cranberries - Fresh,96.72,10/20/2022
278,Torrance Sailer,Chinese Foods - Plain Fried Rice,56.78,10/20/2022
279,Ardelia Dimeloe,Cup - Paper 10oz 92959,74.33,10/20/2022
280,Micaela Botte,Milk - Condensed,86.94,10/20/2022
281,Wilbert Chappelle,Lettuce - Boston Bib,70.42,10/20/2022
282,Web Neenan,"Trout - Rainbow, Frozen",21.95,10/20/2022
283,Ertha Starbucke,Soup Campbells - Tomato Bisque,63.75,10/20/2022
284,Shannen Leddy,Juice - Orange,10.99,10/20/2022
285,Mohammed Vinall,Beef Dry Aged Tenderloin Aaa,33.80,10/20/2022
286,Evan Mager,Tea - Lemon Green Tea,27.25,10/20/2022
287,Harman Garahan,Yoplait Drink,10.54,10/20/2022
288,Wildon Stedell,Table Cloth 53x53 White,13.07,10/20/2022
289,Kendall Wayne,Apron,90.90,10/20/2022
290,Vito Lisciardelli,"Chocolate - Pistoles, Lactee, Milk",67.23,10/20/2022
291,Dorris Croxton,Curry Powder,12.35,10/20/2022
292,Merrile Chomicz,Sausage - Meat,54.71,10/20/2022
293,Everard Dennison,"Croissant, Raw - Mini",69.73,10/20/2022
294,Darby Fontes,Chinese Foods - Plain Fried Rice,14.26,10/20/2022
295,Lou Paik,Chicken - White Meat With Tender,90.20,10/20/2022
296,Phillipp Pietzker,Soup V8 Roasted Red Pepper,98.53,10/20/2022
297,Calida Kirsz,Compound - Rum,63.62,10/20/2022
298,Hercule Pawle,Nantucket - Pomegranate Pear,44.35,10/20/2022
299,Carlo Vanin,Cheese - Camembert,79.91,10/20/2022
300,Oneida Towndrow,Sauce - Mint,47.35,10/20/2022
301,Murielle McKechnie,Soup - Tomato Mush. Florentine,30.16,10/20/2022
302,Jehu Slimm,Ocean Spray - Kiwi Strawberry,41.13,10/20/2022
303,Wenda Jopp,"Wine - Cahors Ac 2000, Clos",43.17,10/20/2022
304,Burl Lidgertwood,"Vermacelli - Sprinkles, Assorted",13.30,10/20/2022
305,Cozmo Wiley,Oil - Sunflower,34.65,10/20/2022
306,Timothy Goodbarne,Beer - Camerons Cream Ale,63.24,10/20/2022
307,Fina Keyser,Sauce - Plum,92.84,10/20/2022
308,Markus de Amaya,Mustard - Seed,44.93,10/20/2022
309,Ajay Hardage,Plasticspoonblack,64.23,10/20/2022
310,Lacey Ivic,"Pork - Bacon,back Peameal",42.37,10/20/2022
311,Mariya Jobin,Blouse / Shirt / Sweater,87.61,10/20/2022
312,Pete Davenhall,Cactus Pads,61.24,10/20/2022
313,Riane Ashford,"Lemonade - Strawberry, 591 Ml",92.96,10/20/2022
314,Angelle Peeters,Cheese - Comtomme,70.01,10/20/2022
315,Patty Gall,Wine - Sogrape Mateus Rose,64.94,10/20/2022
316,Germain Hynson,Bread - White Mini Epi,91.97,10/20/2022
317,Em Maingot,Veal - Sweetbread,80.09,10/20/2022
318,Barry Blackborough,Wine - Rosso Del Veronese Igt,12.04,10/20/2022
319,Griffy Clace,Rice - Sushi,36.01,10/20/2022
320,Arabelle Southerns,"Basil - Primerba, Paste",18.36,10/20/2022
321,Marcile Corrie,Worcestershire Sauce,76.38,10/20/2022
322,Hunter Lober,Russian Prince,66.76,10/20/2022
323,Lena Balkwill,Wine - Chardonnay Mondavi,40.87,10/20/2022
324,Baily Basnett,Mini - Vol Au Vents,84.88,10/20/2022
325,Puff Bandy,Coffee - 10oz Cup 92961,79.51,10/20/2022
326,Giacobo Fortye,Sponge Cake Mix - Vanilla,36.29,10/20/2022
327,Joye Leates,"Mushrooms - Black, Dried",18.02,10/20/2022
328,Jobie Hallyburton,Puff Pastry - Slab,67.12,10/20/2022
329,Ingrid Kissack,"Pork - Loin, Boneless",29.79,10/20/2022
330,Anica Waylen,Venison - Ground,28.47,10/20/2022
331,Sonja Debney,Pork - Backfat,78.38,10/20/2022
332,Wallis Seivwright,Chinese Foods - Cantonese,94.15,10/20/2022
333,Murray Vockins,Butter - Pod,28.73,10/20/2022
334,Gannie Dunleavy,Milk Powder,16.79,10/20/2022
335,Camila MacPhaden,Flower - Leather Leaf Fern,97.87,10/20/2022
336,Darius Kimbrough,Cherries - Frozen,24.07,10/20/2022
337,Jade Karpov,Veal - Leg,26.17,10/20/2022
338,Bobbie Patrickson,Sea Urchin,71.60,10/20/2022
339,Dolly Mattacks,"Wine - Cahors Ac 2000, Clos",50.44,10/20/2022
340,Oona Harback,"Beef - Ground, Extra Lean, Fresh",40.09,10/20/2022
341,Kerwin Crossan,Compound - Rum,40.66,10/20/2022
342,Ulla Ardling,"Melon - Watermelon, Seedless",14.90,10/20/2022
343,Gabriell Tribe,Chocolate Liqueur - Godet White,49.32,10/20/2022
344,Bobbe Stratiff,"Fish - Artic Char, Cold Smoked",70.67,10/20/2022
345,Zaria Crayker,"Veal - Leg, Provimi - 50 Lb Max",73.95,10/20/2022
346,Cacilia Andreolli,"Wine - Red, Cooking",56.38,10/20/2022
347,Hadria Forri,"Beets - Candy Cane, Organic",39.06,10/20/2022
348,Carolann Gudgin,Cleaner - Bleach,59.82,10/20/2022
349,Anitra Titman,Cheese Cloth No 100,12.89,10/20/2022
350,Chalmers Grime,"Beer - Alexander Kieths, Pale Ale",57.85,10/20/2022
351,Noellyn Love,Wine - Blue Nun Qualitatswein,42.65,10/20/2022
352,Putnem Hannant,Chervil - Fresh,40.14,10/20/2022
353,Gui Gilmour,Pork - Backfat,39.12,10/20/2022
354,Nanine Outibridge,Smirnoff Green Apple Twist,46.70,10/20/2022
355,Agnella Coulston,Steampan Lid,75.92,10/20/2022
356,Gunar Garmey,Chips Potato Salt Vinegar 43g,50.02,10/20/2022
357,Shane Salvadori,Salt - Sea,50.30,10/20/2022
358,Aluino Jaggard,Cookies Oatmeal Raisin,98.50,10/20/2022
359,Conant Dyche,Mayonnaise,40.13,10/20/2022
360,Haleigh Hearnaman,"Wine - Red, Black Opal Shiraz",31.52,10/20/2022
361,Terrence Claye,Beer - Camerons Cream Ale,88.90,10/20/2022
362,Ingram MacRonald,Walkers Special Old Whiskey,54.40,10/20/2022
363,Celestyna Jonuzi,Coffee - Egg Nog Capuccino,22.21,10/20/2022
364,Sharyl Lipman,"Wine - Red, Wolf Blass, Yellow",69.01,10/20/2022
365,Neilla Gidney,Extract - Rum,66.93,10/20/2022
366,Norene May,Eggplant Oriental,25.77,10/20/2022
367,Windham Setterfield,"Nut - Almond, Blanched, Sliced",73.00,10/20/2022
368,Nathanial Vicker,Flower - Carnations,16.06,10/20/2022
369,Iain Ousbie,Lidsoupcont Rp12dn,57.44,10/20/2022
370,Cy Micheli,Soupfoamcont12oz 112con,36.28,10/20/2022
371,Korey Darbyshire,Cookies - Englishbay Oatmeal,17.92,10/20/2022
372,Kayley Dore,Wine - Niagara Peninsula Vqa,87.27,10/20/2022
373,Elnar Blanden,Praline Paste,62.95,10/20/2022
374,Manya Shropsheir,"Wine - White, Pelee Island",61.47,10/20/2022
375,Almeda Burnsell,Jello - Assorted,17.96,10/20/2022
376,Agata Kinvig,Tea Peppermint,37.46,10/20/2022
377,Kial Barnewell,Cheese - Augre Des Champs,38.00,10/20/2022
378,Hortense Bronger,Relish,17.90,10/20/2022
379,Clifford Peters,Truffle Cups - Brown,33.86,10/20/2022
380,Cami Haste,Bouillion - Fish,54.54,10/20/2022
381,Annabella Gornar,Muffin Mix - Chocolate Chip,88.92,10/20/2022
382,Sam McNern,Water - Perrier,19.52,10/20/2022
383,Pepi Baitson,"Stock - Chicken, White",66.14,10/20/2022
384,Chester Armytage,Wine - Soave Folonari,97.71,10/20/2022
385,Lorrayne Vasyunichev,Wine - Barbera Alba Doc 2001,43.48,10/20/2022
386,Sissie Toor,Mix - Cocktail Ice Cream,83.44,10/20/2022
387,Kit Grelka,"Glass - Wine, Plastic, Clear 5 Oz",86.69,10/20/2022
388,Nikos Goddert.sf,Quail - Jumbo,30.22,10/20/2022
389,Giavani Brigham,"Doilies - 10, Paper",49.27,10/20/2022
390,Margi Cloney,"Beans - Kidney, Red Dry",46.71,10/20/2022
391,Celle Drinkwater,Bagel - Ched Chs Presliced,19.85,10/20/2022
392,Cissiee Meriel,Vinegar - White Wine,45.06,10/20/2022
393,Linell McGillivray,Spice - Onion Powder Granulated,90.80,10/20/2022
394,Zak Endley,External Supplier,23.14,10/20/2022
395,Justis Fortoun,Coffee Guatemala Dark,39.03,10/20/2022
396,Dion Spadotto,Bread Country Roll,12.76,10/20/2022
397,Teddie Garraway,"Pasta - Spaghetti, Dry",29.02,10/20/2022
398,Jo ann Limpricht,Garlic Powder,44.68,10/20/2022
399,Isidro Downton,Cake - Cake Sheet Macaroon,81.79,10/20/2022
400,Riordan Bawcock,Bread Fig And Almond,66.37,10/20/2022
401,Lorene McComiskie,Vinegar - Cider,57.09,10/20/2022
402,Slade Brimble,Browning Caramel Glace,86.36,10/20/2022
403,Wake Philbin,Wine - Magnotta - Belpaese,97.95,10/20/2022
404,Wilfred Botright,Cheese - Blue,90.35,10/20/2022
405,Merrick Breeds,Dried Apple,41.80,10/20/2022
406,Bertram Inkles,Greens Mustard,34.88,10/20/2022
407,Jeffrey Costigan,"C - Plus, Orange",45.05,10/20/2022
408,Dill Jenken,Muffin Orange Individual,10.48,10/20/2022
409,Tori Ironside,"Potatoes - Instant, Mashed",53.05,10/20/2022
410,Vallie Cromblehome,Soup Knorr Chili With Beans,92.36,10/20/2022
411,Lilias Leads,Pepper - Gypsy Pepper,43.08,10/20/2022
412,Matty Caraher,Cake - Cheese Cake 9 Inch,51.55,10/20/2022
413,Gretta Rosenauer,Celery,82.25,10/20/2022
414,Eadie Denys,Appetizer - Sausage Rolls,60.59,10/20/2022
415,Luce Pedrol,Water - Evian 355 Ml,90.63,10/20/2022
416,Sergeant Greensides,Cocoa Powder - Natural,91.65,10/20/2022
417,Marybeth Masse,Appetizer - Shrimp Puff,56.74,10/20/2022
418,Constantino Abrahmovici,Chevril,76.81,10/20/2022
419,Chick Gunther,"Tart Shells - Savory, 4",71.99,10/20/2022
420,Giulietta Ricco,Chickhen - Chicken Phyllo,77.52,10/20/2022
421,Rodger McBayne,Sloe Gin - Mcguinness,84.71,10/20/2022
422,Abran MacSkeagan,Lobak,16.54,10/20/2022
423,Bamby Dockerty,Coffee - Cafe Moreno,52.38,10/20/2022
424,Winifield Wybrew,Wasabi Paste,92.90,10/20/2022
425,Jacynth Davidi,Taro Leaves,32.44,10/20/2022
426,Yelena Cristoforo,Water - Green Tea Refresher,39.99,10/20/2022
427,Chanda Cherrison,Rappini - Andy Boy,16.50,10/20/2022
428,Chicky Toombs,Spice - Montreal Steak Spice,73.84,10/20/2022
429,Enrico Siemon,Beef - Sushi Flat Iron Steak,19.20,10/20/2022
430,Shandra Overstreet,Carrots - Mini Red Organic,87.39,10/20/2022
431,Marwin Zavattero,Flavouring - Raspberry,22.17,10/20/2022
432,Jessalyn Dabinett,Chip - Potato Dill Pickle,58.04,10/20/2022
433,Quentin Wyldes,Wine - Cousino Macul Antiguas,87.63,10/20/2022
434,Wald Kose,Crackers - Water,69.67,10/20/2022
435,Karlie Fenelow,Coffee Swiss Choc Almond,50.52,10/20/2022
436,Danika Portchmouth,Milk 2% 500 Ml,78.13,10/20/2022
437,Jamie Spritt,Aspic - Clear,28.14,10/20/2022
438,Roderigo Matuszyk,Oven Mitts 17 Inch,63.24,10/20/2022
439,Ulrike Olander,Brandy Apricot,85.28,10/20/2022
440,Kristoforo Scase,Sunflower Seed Raw,39.62,10/20/2022
441,Isabelle Drinnan,Veal - Slab Bacon,27.52,10/20/2022
442,Abdul Attenborrow,"Beef - Tongue, Fresh",44.72,10/20/2022
443,Ly O'Corrane,Tuna - Loin,47.93,10/20/2022
444,Rustin Pullinger,"Pasta - Fett Alfredo, Single Serve",44.95,10/20/2022
445,Korney Tabourin,Glass - Juice Clear 5oz 55005,69.52,10/20/2022
446,Caritta Elwood,Currants,34.98,10/20/2022
447,Lynne Mudd,Muffin Mix - Oatmeal,76.37,10/20/2022
448,Mirelle Gheorghie,"Spoon - Soup, Plastic",70.44,10/20/2022
449,Weber Cahey,Muskox - French Rack,29.95,10/20/2022
450,Salvatore Noice,Ecolab Crystal Fusion,82.52,10/20/2022
451,Cori Durtnel,Juice - Apple Cider,55.94,10/20/2022
452,Stormie Reap,Oneshot Automatic Soap System,89.07,10/20/2022
453,Aggie Deyenhardt,Bread - Multigrain Oval,80.81,10/20/2022
454,Gail Hover,"Wine - Red, Marechal Foch",29.66,10/20/2022
455,Roberto Dabes,Beans - Butter Lrg Lima,18.11,10/20/2022
456,Mignon Suddaby,Maple Syrup,35.00,10/20/2022
457,Brandie Paniman,"Beans - Turtle, Black, Dry",57.34,10/20/2022
458,Emmy McFayden,Soup - Campbells Bean Medley,56.68,10/20/2022
459,Evy Farrants,Wine - Zonnebloem Pinotage,84.03,10/20/2022
460,Ethelbert Twine,"Split Peas - Yellow, Dry",98.07,10/20/2022
461,Christa Allcroft,Tandoori Curry Paste,62.49,10/20/2022
462,Danyelle Anderer,"Pork - Back, Long Cut, Boneless",14.42,10/20/2022
463,Blondy Stoop,Cheese - Stilton,72.86,10/20/2022
464,Lauren Fripp,Persimmons,42.47,10/20/2022
465,Bat Spenley,Wine - Cotes Du Rhone,21.43,10/20/2022
466,Norean Ryding,Cotton Wet Mop 16 Oz,15.16,10/20/2022
467,Karlotte McGrory,Wine - Magnotta - Cab Franc,75.91,10/20/2022
468,Allsun Orwin,Cheese - Parmesan Grated,52.78,10/20/2022
469,Dore Robertazzi,The Pop Shoppe Pinapple,45.31,10/20/2022
470,Brit Scotson,Wine - Cotes Du Rhone,52.34,10/20/2022
471,Neila Hourihan,"Mustard - Dry, Powder",92.27,10/20/2022
472,Giorgio Bisterfeld,Puree - Raspberry,54.07,10/20/2022
473,Candy Bonner,Sugar - Invert,86.74,10/20/2022
474,Horton Peyzer,Pecan Raisin - Tarts,66.38,10/20/2022
475,Ulrick Chidlow,Miso Paste White,86.97,10/20/2022
476,Luciano Tenniswood,"Juice - Apple, 500 Ml",76.32,10/20/2022
477,Margarita McKevin,Cheese - Le Cheve Noir,61.39,10/20/2022
478,Trever Fulks,Ecolab Crystal Fusion,45.49,10/20/2022
479,Kelby Fritschmann,Mustard - Individual Pkg,43.62,10/20/2022
480,Fallon Galpin,"Trout - Rainbow, Frozen",98.05,10/20/2022
481,Rabi Austick,"Turkey - Breast, Smoked",53.06,10/20/2022
482,Trip Shanley,Table Cloth 62x120 Colour,74.63,10/20/2022
483,Cale Heinle,Tuna - Yellowfin,64.78,10/20/2022
484,Ximenez McGeffen,Mortadella,40.50,10/20/2022
485,Nance Siggin,"Wine - White, Pinot Grigio",38.89,10/20/2022
486,Eirena Guyonneau,Carrots - Mini Red Organic,55.07,10/20/2022
487,Tim Hellier,Wine - Chablis J Moreau Et Fils,92.90,10/20/2022
488,Olav Stainton,Water Chestnut - Canned,93.53,10/20/2022
489,Irvine Pizer,Heavy Duty Dust Pan,29.57,10/20/2022
490,Klemens Alelsandrowicz,"Veal - Leg, Provimi - 50 Lb Max",65.25,10/20/2022
491,Solly Gorvette,"Cheese - Mozzarella, Buffalo",52.56,10/20/2022
492,Benedikta Khalid,Bay Leaf Ground,79.94,10/20/2022
493,Oby Losty,Red Currant Jelly,30.35,10/20/2022
494,Billi McSherry,Chinese Foods - Plain Fried Rice,40.66,10/20/2022
495,Cecilio Reace,Chocolate Eclairs,37.29,10/20/2022
496,Winny McGlone,Pasta - Fusili Tri - Coloured,67.78,10/20/2022
497,Hadleigh Ellinor,Oats Large Flake,58.19,10/20/2022
498,Kimberlee Hancill,"Soup - Knorr, Country Bean",81.64,10/20/2022
499,Anet Scaife,Soup - French Onion,98.51,10/20/2022
500,Bary Reap,Soup - Tomato Mush. Florentine,92.64,10/20/2022